date,bot_name,status,avg_response_ms,events_processed
2024-09-01,Gatekeeper,online,148.4,5889
2024-09-01,Herald,online,193.5,8022
2024-09-01,Sentinel,online,144.5,7408
2024-09-02,Gatekeeper,online,159.8,8027
2024-09-02,Herald,online,80.0,7432
2024-09-02,Sentinel,online,198.6,6807
2024-09-03,Gatekeeper,online,236.5,5660
2024-09-03,Herald,online,168.0,6928
2024-09-03,Sentinel,online,168.1,5182
2024-09-04,Gatekeeper,online,177.9,6396
2024-09-04,Herald,online,166.5,7905
2024-09-04,Sentinel,online,189.9,6870
2024-09-05,Gatekeeper,online,157.4,6238
2024-09-05,Herald,online,175.9,5839
2024-09-05,Sentinel,online,177.0,7653
2024-09-06,Gatekeeper,online,187.5,6137
2024-09-06,Herald,online,179.6,6583
2024-09-06,Sentinel,online,164.8,5908
2024-09-07,Gatekeeper,online,150.0,6162
2024-09-07,Herald,offline,235.3,7443
2024-09-07,Sentinel,online,125.4,5963
2024-09-08,Gatekeeper,online,189.4,6918
2024-09-08,Herald,online,223.1,5442
2024-09-08,Sentinel,online,196.6,6092
2024-09-09,Gatekeeper,online,221.7,7547
2024-09-09,Herald,online,145.3,7272
2024-09-09,Sentinel,online,234.3,5647
2024-09-10,Gatekeeper,online,203.1,4583
2024-09-10,Herald,offline,177.7,5604
2024-09-10,Sentinel,online,199.3,4608
2024-09-11,Gatekeeper,online,174.4,8249
2024-09-11,Herald,online,221.2,5076
2024-09-11,Sentinel,online,193.5,5485
2024-09-12,Gatekeeper,online,186.1,5810
2024-09-12,Herald,offline,189.4,7335
2024-09-12,Sentinel,online,203.7,6332
2024-09-13,Gatekeeper,online,111.7,8161
2024-09-13,Herald,online,193.8,6315
2024-09-13,Sentinel,online,213.4,8809
2024-09-14,Gatekeeper,online,204.9,7172
2024-09-14,Herald,online,164.0,7757
2024-09-14,Sentinel,online,150.5,7365
2024-09-15,Gatekeeper,online,179.6,6443
2024-09-15,Herald,online,133.6,6118
2024-09-15,Sentinel,online,166.3,5664
2024-09-16,Gatekeeper,online,166.2,5731
2024-09-16,Herald,online,207.6,5197
2024-09-16,Sentinel,online,168.8,7454
2024-09-17,Gatekeeper,online,175.6,7000
2024-09-17,Herald,online,222.0,5949
2024-09-17,Sentinel,online,161.0,5938
2024-09-18,Gatekeeper,online,204.7,6502
2024-09-18,Herald,online,141.7,5797
2024-09-18,Sentinel,online,160.6,6746
2024-09-19,Gatekeeper,online,223.5,5462
2024-09-19,Herald,online,211.1,7111
2024-09-19,Sentinel,online,151.7,8088
2024-09-20,Gatekeeper,online,170.0,5868
2024-09-20,Herald,online,202.2,6614
2024-09-20,Sentinel,online,186.8,6185
2024-09-21,Gatekeeper,online,166.5,6021
2024-09-21,Herald,online,157.6,6526
2024-09-21,Sentinel,online,230.0,6558
2024-09-22,Gatekeeper,online,204.7,7153
2024-09-22,Herald,online,215.0,6184
2024-09-22,Sentinel,online,180.3,8442
2024-09-23,Gatekeeper,online,194.1,5092
2024-09-23,Herald,online,119.4,5118
2024-09-23,Sentinel,online,143.7,5463
2024-09-24,Gatekeeper,online,198.3,5398
2024-09-24,Herald,online,178.6,5366
2024-09-24,Sentinel,online,180.7,7924
2024-09-25,Gatekeeper,online,138.3,6312
2024-09-25,Herald,online,201.8,6883
2024-09-25,Sentinel,online,164.1,7628
2024-09-26,Gatekeeper,online,185.4,8028
2024-09-26,Herald,online,208.2,6901
2024-09-26,Sentinel,online,162.4,6843
2024-09-27,Gatekeeper,online,212.8,5754
2024-09-27,Herald,online,211.8,5165
2024-09-27,Sentinel,online,207.9,6534
2024-09-28,Gatekeeper,online,225.0,4528
2024-09-28,Herald,online,179.4,5243
2024-09-28,Sentinel,online,183.9,7191
2024-09-29,Gatekeeper,online,206.7,6664
2024-09-29,Herald,online,165.1,6839
2024-09-29,Sentinel,online,209.1,7502
2024-09-30,Gatekeeper,offline,149.6,7296
2024-09-30,Herald,offline,169.9,6077
2024-09-30,Sentinel,online,207.8,6803
